{
  "toc": [
    {
  "sno": "1",
  "subject": "road construction",
  "agenda": "construction of ringroad "
},
  {
    "sno": "2",
    "subject": "road construction",
    "agenda": "construction of sapele road "
  },
  {
    "sno": "3",
    "subject": "borehole construction",
    "agenda": "boreholes were sunk in various local governement areas "
  }],
  "attachments": [
    {
    "sno": "1",
    "filename": "picture of road construction",
    "fileurl": "android_store_icon.png"
  },
    {
      "sno": "1",
      "filename": "picture of road construction",
      "fileurl": "android_store_icon.png"
    },
    {
      "sno": "2",
      "filename": "picture of road construction",
      "fileurl": "android_store_icon.png"
    },
    {
      "sno": "3",
      "filename": "picture of road construction",
      "fileurl": "android_store_icon.png"
    }
  ]
}